c,gamma,accuracy,time
100000.0,0.1,0.90892,13764.752780914308
10000.0,0.1,0.90892,22518.71542954445
1000.0,0.1,0.90892,17687.135500907898
1.0,0.01,0.5904,49.6
